AGENT	SALESMAN	PER_ID	TE_ID	CF_COUNT	CS_SUMAGTQTYREC	CS_SUMAGTQTYSOLD	CS_SUMAGTQTYDESTR	CS_SUMAGTQTYCSTORE	CS_SUMAGTQTYSORTING	CS_SUMAGTQTYTRANSIT	CS_SUMAGTQTYFLOOR	CS_SUMAGTQTYRESERVED	LOC	QTY_FLOOR	PRODUCER	GRN_NO	COMMODITY	DATE_RECEIVED	QTY_REC	QTY_SOLD	DRQTY	CSSUM	SSUM	ITSUM	TE_ID_PROD	QTY_RESERVED
R S A MARKET AGENTS	JOUBERT, RIAAN	141623	24	1	25653	3620	0	13919	0	320	7794	0	101	0	KAMBO FOREST HILL	15552567	APP,CT185,GS,1,*,100,*	24-JUL-26	98	0	0	98	0	0	262332	0
R S A MARKET AGENTS	JOUBERT, RIAAN	141623	24	1	25653	3620	0	13919	0	320	7794	0	101	46	KAMBO FOREST HILL	15552559	APP,CT185,GS,1,*,110,*	24-JUL-26	98	3	0	49	0	0	262332	0
R S A MARKET AGENTS	JOUBERT, RIAAN	141623	24	1	25653	3620	0	13919	0	320	7794	0	101	0	KAMBO FOREST HILL	15552576	APP,CT185,GS,1,*,80,*	24-JUL-26	49	0	0	49	0	0	262332	0
R S A MARKET AGENTS	JOUBERT, RIAAN	141623	24	1	25653	3620	0	13919	0	320	7794	0	101	77	KAMBO FOREST HILL	15552546	APP,CT185,GS,1,*,90,*	24-JUL-26	98	21	0	0	0	0	262332	0
R S A MARKET AGENTS	JOUBERT, RIAAN	141623	24	1	25653	3620	0	13919	0	320	7794	0	101	0	KAMBO FOREST HILL	15552584	APP,EPB015,GD,1,120,8,*	24-JUL-26	72	0	0	72	0	0	262332	0
R S A MARKET AGENTS	JOUBERT, RIAAN	141623	24	1	25653	3620	0	13919	0	320	7794	0	101	8	KAMBO FOREST HILL	15552589	APP,EPB015,GD,1,165,8,*	24-JUL-26	9	1	0	0	0	0	262332	0
R S A MARKET AGENTS	JOUBERT, RIAAN	141623	24	1	25653	3620	0	13919	0	320	7794	0	101	37	KAMBO FOREST HILL	15552578	APP,EPB015,GD,1,180,8,*	24-JUL-26	84	47	0	0	0	0	262332	0
R S A MARKET AGENTS	JOUBERT, RIAAN	141623	24	1	25653	3620	0	13919	0	320	7794	0	101	35	KAMBO FOREST HILL	15552592	APP,EPB015,GD,1,198,8,*	24-JUL-26	35	0	0	0	0	0	262332	0
R S A MARKET AGENTS	JOUBERT, RIAAN	141623	24	1	25653	3620	0	13919	0	320	7794	0	101	0	KAMBO FOREST HILL	15552534	APP,EPB015,GS,1,120,8,*	24-JUL-26	192	0	0	192	0	0	262332	0
R S A MARKET AGENTS	JOUBERT, RIAAN	141623	24	1	25653	3620	0	13919	0	320	7794	0	101	0	KAMBO FOREST HILL	15552528	APP,EPB015,GS,1,135,8,*	24-JUL-26	192	0	0	192	0	0	262332	0
R S A MARKET AGENTS	JOUBERT, RIAAN	141623	24	1	25653	3620	0	13919	0	320	7794	0	101	0	KAMBO FOREST HILL	15552489	APP,EPB015,GS,1,150,8,*	24-JUL-26	256	0	0	256	0	0	262332	0
R S A MARKET AGENTS	JOUBERT, RIAAN	141623	24	1	25653	3620	0	13919	0	320	7794	0	101	0	KAMBO FOREST HILL	15552572	APP,EPB015,GS,1,165,8,*	24-JUL-26	128	0	0	128	0	0	262332	0
R S A MARKET AGENTS	JOUBERT, RIAAN	141623	24	1	25653	3620	0	13919	0	320	7794	0	101	0	KAMBO FOREST HILL	15552531	APP,EPB015,GS,1,180,8,*	24-JUL-26	192	0	0	192	0	0	262332	0
R S A MARKET AGENTS	JOUBERT, RIAAN	141623	24	1	25653	3620	0	13919	0	320	7794	0	101	17	KAMBO FOREST HILL	15552616	APP,EPB015,SK,1,120,8,*	24-JUL-26	17	0	0	0	0	0	262332	0
R S A MARKET AGENTS	JOUBERT, RIAAN	141623	24	1	25653	3620	0	13919	0	320	7794	0	101	40	KAMBO FOREST HILL	15552617	APP,EPB015,SK,1,135,8,*	24-JUL-26	40	0	0	0	0	0	262332	0
R S A MARKET AGENTS	JOUBERT, RIAAN	141623	24	1	25653	3620	0	13919	0	320	7794	0	101	46	KAMBO FOREST HILL	15552615	APP,EPB015,SK,1,150,8,*	24-JUL-26	87	41	0	0	0	0	262332	0
R S A MARKET AGENTS	JOUBERT, RIAAN	141623	24	1	25653	3620	0	13919	0	320	7794	0	101	26	KAMBO FOREST HILL	15552602	APP,EPB015,SK,1,180,8,*	24-JUL-26	144	46	0	72	0	0	262332	0
R S A MARKET AGENTS	JOUBERT, RIAAN	141623	24	1	25653	3620	0	13919	0	320	7794	0	101	71	KAMBO FOREST HILL	15552609	APP,EPB015,SK,1,198,8,*	24-JUL-26	72	1	0	0	0	0	262332	0
R S A MARKET AGENTS	JOUBERT, RIAAN	141623	24	1	25653	3620	0	13919	0	320	7794	0	101	8	KAMBO FOREST HILL	15552618	APP,EPB015,TR,1,120,8,*	24-JUL-26	8	0	0	0	0	0	262332	0
R S A MARKET AGENTS	JOUBERT, RIAAN	141623	24	1	25653	3620	0	13919	0	320	7794	0	101	43	KAMBO FOREST HILL	15552619	APP,EPB015,TR,1,150,8,*	24-JUL-26	43	0	0	0	0	0	262332	0
R S A MARKET AGENTS	JOUBERT, RIAAN	141623	24	1	25653	3620	0	13919	0	320	7794	0	101	57	KAMBO FOREST HILL	15552620	APP,EPB015,TR,1,180,8,*	24-JUL-26	57	0	0	0	0	0	262332	0
R S A MARKET AGENTS	JOUBERT, RIAAN	141623	24	1	25653	3620	0	13919	0	320	7794	0	101	28	KAMBO FOREST HILL	15552623	APP,EPB015,TR,1,198,8,*	24-JUL-26	28	0	0	0	0	0	262332	0
R S A MARKET AGENTS	JOUBERT, RIAAN	141623	24	1	25653	3620	0	13919	0	320	7794	0	101	1	OCKERT LE ROUX BOERDERY	15493378	AVOS,BG150,AH,3,L,*,*	20-JUN-26	14	13	0	0	0	0	133375	0
R S A MARKET AGENTS	JOUBERT, RIAAN	141623	24	1	25653	3620	0	13919	0	320	7794	0	101	7	SOUTPANSBERG SUB-TROPICAL CC	15518822	AVOS,TR040,AK,2,*,10,*	07-JUL-26	264	257	0	0	0	0	6888	0
R S A MARKET AGENTS	JOUBERT, RIAAN	141623	24	1	25653	3620	0	13919	0	320	7794	0	101	144	LANGPLAAS BOERDERY CC	15567414	BERS,PTB025,*,0,*,16,*	02-AUG-26	144	0	0	0	0	0	57898	0
R S A MARKET AGENTS	JOUBERT, RIAAN	141623	24	1	25653	3620	0	13919	0	320	7794	0	101	2	LANGPLAAS BOERDERY CC	15551222	BERS,PTB025,*,0,*,16,*	24-JUL-26	72	70	0	0	0	0	57898	0
R S A MARKET AGENTS	JOUBERT, RIAAN	141623	24	1	25653	3620	0	13919	0	320	7794	0	101	65	KOMATI FRUITS ( PTY ) LTD	15566076	GFT,CO150,JS,1,*,64,*	31-JUL-26	65	0	0	0	0	0	161360	0
R S A MARKET AGENTS	JOUBERT, RIAAN	141623	24	1	25653	3620	0	13919	0	320	7794	0	101	130	KOMATI FRUITS ( PTY ) LTD	15566079	GFT,CO150,JS,1,*,64,*	31-JUL-26	130	0	0	0	0	0	161360	0
R S A MARKET AGENTS	JOUBERT, RIAAN	141623	24	1	25653	3620	0	13919	0	320	7794	0	101	325	KOMATI FRUITS ( PTY ) LTD	15566083	GFT,CO150,JS,1,*,72,*	31-JUL-26	325	0	0	0	0	0	161360	0
R S A MARKET AGENTS	JOUBERT, RIAAN	141623	24	1	25653	3620	0	13919	0	320	7794	0	101	65	KOMATI FRUITS ( PTY ) LTD	15566035	GFT,CO150,JS,1,*,96,*	31-JUL-26	65	0	0	0	0	0	161360	0
R S A MARKET AGENTS	JOUBERT, RIAAN	141623	24	1	25653	3620	0	13919	0	320	7794	0	101	65	KOMATI FRUITS ( PTY ) LTD	15566071	GFT,CO150,JS,1,*,96,*	31-JUL-26	65	0	0	0	0	0	161360	0
R S A MARKET AGENTS	JOUBERT, RIAAN	141623	24	1	25653	3620	0	13919	0	320	7794	0	101	14	KOMATI FRUITS ( PTY ) LTD	15416273	LEMS,CTT150,*,1,*,100,*	10-MAY-26	20	6	0	0	0	0	161360	0
R S A MARKET AGENTS	JOUBERT, RIAAN	141623	24	1	25653	3620	0	13919	0	320	7794	0	101	229	KOMATI FRUITS ( PTY ) LTD	15429353	LEMS,CTT150,*,1,*,113,*	16-MAY-26	350	121	0	0	0	0	161360	0
R S A MARKET AGENTS	JOUBERT, RIAAN	141623	24	1	25653	3620	0	13919	0	320	7794	0	101	146	KOMATI FRUITS ( PTY ) LTD	15400098	LEMS,CTT150,*,1,*,56,*	01-MAY-26	800	654	0	0	0	0	161360	0
R S A MARKET AGENTS	JOUBERT, RIAAN	141623	24	1	25653	3620	0	13919	0	320	7794	0	101	5	KOMATI FRUITS ( PTY ) LTD	15416268	LEMS,CTT150,*,1,*,88,*	10-MAY-26	50	45	0	0	0	0	161360	0
R S A MARKET AGENTS	JOUBERT, RIAAN	141623	24	1	25653	3620	0	13919	0	320	7794	0	101	160	ENDULINI FRUIT (PTY) LTD	15523834	LEMS,CTT150,*,12,*,56,*	08-JUL-26	160	0	0	0	0	0	160675	0
R S A MARKET AGENTS	JOUBERT, RIAAN	141623	24	1	25653	3620	0	13919	0	320	7794	0	101	319	ENDULINI FRUIT (PTY) LTD	15523829	LEMS,CTT150,*,12,*,64,*	08-JUL-26	320	1	0	0	0	0	160675	0
R S A MARKET AGENTS	JOUBERT, RIAAN	141623	24	1	25653	3620	0	13919	0	320	7794	0	101	245	KOMATI FRUITS ( PTY ) LTD	15453386	LEMS,JP090,*,2,M,*,*	28-MAY-26	245	0	0	0	0	0	161360	0
R S A MARKET AGENTS	JOUBERT, RIAAN	141623	24	1	25653	3620	0	13919	0	320	7794	0	101	58	MANDARYN BOERDERY BK	15548250	NAAR,CO070,NAR,1,*,36,*	22-JUL-26	260	202	0	0	0	0	10320	0
R S A MARKET AGENTS	JOUBERT, RIAAN	141623	24	1	25653	3620	0	13919	0	320	7794	0	101	105	MANDARYN BOERDERY BK	15548283	NAAR,CO070,NAR,1,*,44,*	23-JUL-26	130	25	0	0	0	0	10320	0
R S A MARKET AGENTS	JOUBERT, RIAAN	141623	24	1	25653	3620	0	13919	0	320	7794	0	101	0	MOUTON CITRUS (PTY) LTD	15564812	NAAR,CO100,M1,1,1XX,*,*	31-JUL-26	208	0	0	208	0	0	132365	0
R S A MARKET AGENTS	JOUBERT, RIAAN	141623	24	1	25653	3620	0	13919	0	320	7794	0	101	70	MOUTON CITRUS (PTY) LTD	15553961	NAAR,CO100,NAR,1,1,*,*	26-JUL-26	174	0	0	104	0	0	132365	0
R S A MARKET AGENTS	JOUBERT, RIAAN	141623	24	1	25653	3620	0	13919	0	320	7794	0	101	0	MOUTON CITRUS (PTY) LTD	15564804	NAAR,CO100,NAR,1,1,*,*	31-JUL-26	104	0	0	104	0	0	132365	0
R S A MARKET AGENTS	JOUBERT, RIAAN	141623	24	1	25653	3620	0	13919	0	320	7794	0	101	0	MOUTON CITRUS (PTY) LTD	15564803	NAAR,CO100,NAR,1,1X,*,*	31-JUL-26	104	0	0	104	0	0	132365	0
R S A MARKET AGENTS	JOUBERT, RIAAN	141623	24	1	25653	3620	0	13919	0	320	7794	0	101	0	MOUTON CITRUS (PTY) LTD	15553965	NAAR,CO100,NAR,1,1X,*,*	26-JUL-26	104	0	0	104	0	0	132365	0
R S A MARKET AGENTS	JOUBERT, RIAAN	141623	24	1	25653	3620	0	13919	0	320	7794	0	101	24	SAND SEDGE (PTY) LTD	15486993	NAAR,CO100,NAR,1,1XX,*,*	16-JUN-26	312	288	0	0	0	0	278155	0
R S A MARKET AGENTS	JOUBERT, RIAAN	141623	24	1	25653	3620	0	13919	0	320	7794	0	101	0	MOUTON CITRUS (PTY) LTD	15566436	NAAR,CO100,NAR,1,1XXX,*,*	31-JUL-26	1976	0	0	1976	0	0	132365	0
R S A MARKET AGENTS	JOUBERT, RIAAN	141623	24	1	25653	3620	0	13919	0	320	7794	0	101	104	SAND SEDGE (PTY) LTD	15486994	NAAR,CO100,NAR,1,1XXX,*,*	16-JUN-26	312	208	0	0	0	0	278155	0
R S A MARKET AGENTS	JOUBERT, RIAAN	141623	24	1	25653	3620	0	13919	0	320	7794	0	101	0	MOUTON CITRUS (PTY) LTD	15564802	NAAR,CO100,NAR,1,2,*,*	31-JUL-26	208	0	0	208	0	0	132365	0
R S A MARKET AGENTS	JOUBERT, RIAAN	141623	24	1	25653	3620	0	13919	0	320	7794	0	101	34	MOUTON CITRUS (PTY) LTD	15553967	NAAR,CO100,NAR,1,2,*,*	26-JUL-26	34	0	0	0	0	0	132365	0
R S A MARKET AGENTS	JOUBERT, RIAAN	141623	24	1	25653	3620	0	13919	0	320	7794	0	101	284	MOUTON CITRUS (PTY) LTD	15553953	NAAR,CO100,TA,1,1,*,*	26-JUL-26	284	0	0	0	0	0	132365	0
R S A MARKET AGENTS	JOUBERT, RIAAN	141623	24	1	25653	3620	0	13919	0	320	7794	0	101	315	MOUTON CITRUS (PTY) LTD	15553951	NAAR,CO100,TA,1,1X,*,*	26-JUL-26	316	1	0	0	0	0	132365	0
R S A MARKET AGENTS	JOUBERT, RIAAN	141623	24	1	25653	3620	0	13919	0	320	7794	0	101	0	MOUTON CITRUS (PTY) LTD	15566437	NAAR,CO100,TA,1,1XXX,*,*	31-JUL-26	312	0	0	312	0	0	132365	0
R S A MARKET AGENTS	JOUBERT, RIAAN	141623	24	1	25653	3620	0	13919	0	320	7794	0	101	118	MOUTON CITRUS (PTY) LTD	15553954	NAAR,CO100,TA,1,2,*,*	26-JUL-26	222	0	0	104	0	0	132365	0
R S A MARKET AGENTS	JOUBERT, RIAAN	141623	24	1	25653	3620	0	13919	0	320	7794	0	101	0	MOUTON CITRUS (PTY) LTD	15564814	NAAR,CO150,M1,1,1XXX,*,*	31-JUL-26	325	0	0	325	0	0	132365	0
R S A MARKET AGENTS	JOUBERT, RIAAN	141623	24	1	25653	3620	0	13919	0	320	7794	0	101	130	MOUTON CITRUS (PTY) LTD	15567376	NAAR,CO150,M1,1,1XXX,*,*	02-AUG-26	130	0	0	0	0	0	132365	0
R S A MARKET AGENTS	JOUBERT, RIAAN	141623	24	1	25653	3620	0	13919	0	320	7794	0	101	65	MOUTON CITRUS (PTY) LTD	15553956	NAAR,CO150,NAR,1,1XX,*,*	26-JUL-26	65	0	0	0	0	0	132365	0
R S A MARKET AGENTS	JOUBERT, RIAAN	141623	24	1	25653	3620	0	13919	0	320	7794	0	101	0	MOUTON CITRUS (PTY) LTD	15553982	NAAR,CO150,NAR,1,1XX,*,*	26-JUL-26	65	0	0	65	0	0	132365	0
R S A MARKET AGENTS	JOUBERT, RIAAN	141623	24	1	25653	3620	0	13919	0	320	7794	0	101	0	MOUTON CITRUS (PTY) LTD	15564805	NAAR,CO150,NAR,1,1XX,*,*	31-JUL-26	65	0	0	65	0	0	132365	0
R S A MARKET AGENTS	JOUBERT, RIAAN	141623	24	1	25653	3620	0	13919	0	320	7794	0	101	57	MOUTON CITRUS (PTY) LTD	15553957	NAAR,CO150,NAR,1,1XXX,*,*	26-JUL-26	65	8	0	0	0	0	132365	0
R S A MARKET AGENTS	JOUBERT, RIAAN	141623	24	1	25653	3620	0	13919	0	320	7794	0	101	15	MANDARYN BOERDERY BK	15548261	NAAR,CO150,NAR,1,1XXX,*,*	22-JUL-26	45	30	0	0	0	0	10320	0
R S A MARKET AGENTS	JOUBERT, RIAAN	141623	24	1	25653	3620	0	13919	0	320	7794	0	101	0	MOUTON CITRUS (PTY) LTD	15539016	NAAR,CO150,TA,1,1X,*,*	17-JUL-26	65	0	0	65	0	0	132365	0
R S A MARKET AGENTS	JOUBERT, RIAAN	141623	24	1	25653	3620	0	13919	0	320	7794	0	101	0	MOUTON CITRUS (PTY) LTD	15553980	NAAR,CO150,TA,1,1X,*,*	26-JUL-26	65	0	0	65	0	0	132365	0
R S A MARKET AGENTS	JOUBERT, RIAAN	141623	24	1	25653	3620	0	13919	0	320	7794	0	101	64	MOUTON CITRUS (PTY) LTD	15539018	NAAR,CO150,TA,1,1X,*,*	17-JUL-26	65	1	0	0	0	0	132365	0
R S A MARKET AGENTS	JOUBERT, RIAAN	141623	24	1	25653	3620	0	13919	0	320	7794	0	101	0	MOUTON CITRUS (PTY) LTD	15564815	NAAR,CO150,TA,1,1XX,*,*	31-JUL-26	65	0	0	65	0	0	132365	0
R S A MARKET AGENTS	JOUBERT, RIAAN	141623	24	1	25653	3620	0	13919	0	320	7794	0	101	50	MOUTON CITRUS (PTY) LTD	15553984	NAAR,CO150,TA,1,1XX,*,*	26-JUL-26	65	15	0	0	0	0	132365	0
R S A MARKET AGENTS	JOUBERT, RIAAN	141623	24	1	25653	3620	0	13919	0	320	7794	0	101	0	MOUTON CITRUS (PTY) LTD	15553943	NAAR,CO150,TA,1,1XX,*,*	26-JUL-26	130	0	0	130	0	0	132365	0
R S A MARKET AGENTS	JOUBERT, RIAAN	141623	24	1	25653	3620	0	13919	0	320	7794	0	101	160	MOUTON CITRUS (PTY) LTD	15539020	NAAR,CO150,TA,1,1XX,*,*	17-JUL-26	160	0	0	0	0	0	132365	0
R S A MARKET AGENTS	JOUBERT, RIAAN	141623	24	1	25653	3620	0	13919	0	320	7794	0	101	195	MOUTON CITRUS (PTY) LTD	15553949	NAAR,CO150,TA,1,1XXX,*,*	26-JUL-26	195	0	0	0	0	0	132365	0
R S A MARKET AGENTS	JOUBERT, RIAAN	141623	24	1	25653	3620	0	13919	0	320	7794	0	101	0	MOUTON CITRUS (PTY) LTD	15539017	NAAR,CO150,TA,1,1XXX,*,*	17-JUL-26	130	0	0	130	0	0	132365	0
R S A MARKET AGENTS	JOUBERT, RIAAN	141623	24	1	25653	3620	0	13919	0	320	7794	0	101	0	MOUTON CITRUS (PTY) LTD	15564806	NAAR,CO150,TA,1,1XXX,*,*	31-JUL-26	65	0	0	65	0	0	132365	0
R S A MARKET AGENTS	JOUBERT, RIAAN	141623	24	1	25653	3620	0	13919	0	320	7794	0	101	35	MOUTON CITRUS (PTY) LTD	15539021	NAAR,CO150,TA,1,1XXX,*,*	17-JUL-26	35	0	0	0	0	0	132365	0
R S A MARKET AGENTS	JOUBERT, RIAAN	141623	24	1	25653	3620	0	13919	0	320	7794	0	101	0	MOUTON CITRUS (PTY) LTD	15564808	NAAR,DL076,M1,1,*,44,*	31-JUL-26	900	0	0	900	0	0	132365	0
R S A MARKET AGENTS	JOUBERT, RIAAN	141623	24	1	25653	3620	0	13919	0	320	7794	0	101	500	MOUTON CITRUS (PTY) LTD	15567347	NAAR,EC020,M1,2,*,12,*	02-AUG-26	500	0	0	0	0	0	132365	0
R S A MARKET AGENTS	JOUBERT, RIAAN	141623	24	1	25653	3620	0	13919	0	320	7794	0	101	500	MOUTON CITRUS (PTY) LTD	15567374	NAAR,EC020,M1,2,*,15,*	02-AUG-26	500	0	0	0	0	0	132365	0
R S A MARKET AGENTS	JOUBERT, RIAAN	141623	24	1	25653	3620	0	13919	0	320	7794	0	101	11	KOMATI FRUITS ( PTY ) LTD	15540174	ORGS,CO150,NV,1,*,50,*	17-JUL-26	275	264	0	0	0	0	161360	0
R S A MARKET AGENTS	JOUBERT, RIAAN	141623	24	1	25653	3620	0	13919	0	320	7794	0	101	28	KOMATI FRUITS ( PTY ) LTD	15546506	ORGS,CO150,NV,2,*,45,*	22-JUL-26	70	42	0	0	0	0	161360	0
R S A MARKET AGENTS	JOUBERT, RIAAN	141623	24	1	25653	3620	0	13919	0	320	7794	0	101	80	KOMATI FRUITS ( PTY ) LTD	15533747	ORGS,CTT150,NV,1,*,105,*	14-JUL-26	80	0	0	0	0	0	161360	0
R S A MARKET AGENTS	JOUBERT, RIAAN	141623	24	1	25653	3620	0	13919	0	320	7794	0	101	0	KOMATI FRUITS ( PTY ) LTD	15529487	ORGS,CTT150,NV,1,*,105,*	12-JUL-26	80	0	0	80	0	0	161360	0
R S A MARKET AGENTS	JOUBERT, RIAAN	141623	24	1	25653	3620	0	13919	0	320	7794	0	101	0	KOMATI FRUITS ( PTY ) LTD	15534098	ORGS,CTT150,NV,1,*,56,*	15-JUL-26	800	0	0	800	0	0	161360	0
R S A MARKET AGENTS	JOUBERT, RIAAN	141623	24	1	25653	3620	0	13919	0	320	7794	0	101	0	KOMATI FRUITS ( PTY ) LTD	15540209	ORGS,CTT150,NV,1,*,56,*	17-JUL-26	80	0	0	80	0	0	161360	0
R S A MARKET AGENTS	JOUBERT, RIAAN	141623	24	1	25653	3620	0	13919	0	320	7794	0	101	79	KOMATI FRUITS ( PTY ) LTD	15546486	ORGS,CTT150,NV,1,*,56,*	22-JUL-26	80	1	0	0	0	0	161360	0
R S A MARKET AGENTS	JOUBERT, RIAAN	141623	24	1	25653	3620	0	13919	0	320	7794	0	101	0	KOMATI FRUITS ( PTY ) LTD	15531526	ORGS,CTT150,NV,1,*,56,*	13-JUL-26	640	0	0	640	0	0	161360	0
R S A MARKET AGENTS	JOUBERT, RIAAN	141623	24	1	25653	3620	0	13919	0	320	7794	0	101	0	KOMATI FRUITS ( PTY ) LTD	15529538	ORGS,CTT150,NV,1,*,56,*	12-JUL-26	480	0	0	480	0	0	161360	0
R S A MARKET AGENTS	JOUBERT, RIAAN	141623	24	1	25653	3620	0	13919	0	320	7794	0	101	0	KOMATI FRUITS ( PTY ) LTD	15531530	ORGS,CTT150,NV,1,*,64,*	13-JUL-26	560	0	0	560	0	0	161360	0
R S A MARKET AGENTS	JOUBERT, RIAAN	141623	24	1	25653	3620	0	13919	0	320	7794	0	101	311	KOMATI FRUITS ( PTY ) LTD	15529539	ORGS,CTT150,NV,1,*,64,*	12-JUL-26	480	9	0	160	0	0	161360	0
R S A MARKET AGENTS	JOUBERT, RIAAN	141623	24	1	25653	3620	0	13919	0	320	7794	0	101	0	KOMATI FRUITS ( PTY ) LTD	15534099	ORGS,CTT150,NV,1,*,64,*	15-JUL-26	480	0	0	480	0	0	161360	0
R S A MARKET AGENTS	JOUBERT, RIAAN	141623	24	1	25653	3620	0	13919	0	320	7794	0	101	79	KOMATI FRUITS ( PTY ) LTD	15540206	ORGS,CTT150,NV,1,*,64,*	17-JUL-26	80	1	0	0	0	0	161360	0
R S A MARKET AGENTS	JOUBERT, RIAAN	141623	24	1	25653	3620	0	13919	0	320	7794	0	101	0	KOMATI FRUITS ( PTY ) LTD	15546489	ORGS,CTT150,NV,1,*,64,*	22-JUL-26	80	0	0	80	0	0	161360	0
R S A MARKET AGENTS	JOUBERT, RIAAN	141623	24	1	25653	3620	0	13919	0	320	7794	0	101	80	MOUTON CITRUS (PTY) LTD	15564816	ORGS,CTT150,NV,1,*,72,*	31-JUL-26	80	0	0	0	0	0	132365	0
R S A MARKET AGENTS	JOUBERT, RIAAN	141623	24	1	25653	3620	0	13919	0	320	7794	0	101	310	KOMATI FRUITS ( PTY ) LTD	15529540	ORGS,CTT150,NV,1,*,72,*	12-JUL-26	880	90	0	480	0	0	161360	0
R S A MARKET AGENTS	JOUBERT, RIAAN	141623	24	1	25653	3620	0	13919	0	320	7794	0	101	158	KOMATI FRUITS ( PTY ) LTD	15546491	ORGS,CTT150,NV,1,*,72,*	22-JUL-26	160	2	0	0	0	0	161360	0
R S A MARKET AGENTS	JOUBERT, RIAAN	141623	24	1	25653	3620	0	13919	0	320	7794	0	101	0	KOMATI FRUITS ( PTY ) LTD	15531534	ORGS,CTT150,NV,1,*,72,*	13-JUL-26	720	0	0	720	0	0	161360	0
R S A MARKET AGENTS	JOUBERT, RIAAN	141623	24	1	25653	3620	0	13919	0	320	7794	0	101	77	KOMATI FRUITS ( PTY ) LTD	15534100	ORGS,CTT150,NV,1,*,72,*	15-JUL-26	640	163	0	400	0	0	161360	0
R S A MARKET AGENTS	JOUBERT, RIAAN	141623	24	1	25653	3620	0	13919	0	320	7794	0	101	0	KOMATI FRUITS ( PTY ) LTD	15533743	ORGS,CTT150,NV,1,*,88,*	14-JUL-26	480	0	0	480	0	0	161360	0
R S A MARKET AGENTS	JOUBERT, RIAAN	141623	24	1	25653	3620	0	13919	0	320	7794	0	101	0	KOMATI FRUITS ( PTY ) LTD	15546492	ORGS,CTT150,NV,1,*,88,*	22-JUL-26	160	0	0	160	0	0	161360	0
R S A MARKET AGENTS	JOUBERT, RIAAN	141623	24	1	25653	3620	0	13919	0	320	7794	0	101	0	KOMATI FRUITS ( PTY ) LTD	15540200	ORGS,CTT150,NV,1,*,88,*	17-JUL-26	400	0	0	400	0	0	161360	0
R S A MARKET AGENTS	JOUBERT, RIAAN	141623	24	1	25653	3620	0	13919	0	320	7794	0	101	398	KOMATI FRUITS ( PTY ) LTD	15529492	ORGS,CTT150,NV,1,*,88,*	12-JUL-26	880	482	0	0	0	0	161360	0
R S A MARKET AGENTS	JOUBERT, RIAAN	141623	24	1	25653	3620	0	13919	0	320	7794	0	101	0	MOUTON CITRUS (PTY) LTD	15541990	ORGS,CTT150,NV,12,*,40,*	20-JUL-26	160	0	0	160	0	0	132365	0
R S A MARKET AGENTS	JOUBERT, RIAAN	141623	24	1	25653	3620	0	13919	0	320	7794	0	101	0	MOUTON CITRUS (PTY) LTD	15541991	ORGS,CTT150,NV,12,*,40,*	20-JUL-26	160	0	0	160	0	0	132365	0
R S A MARKET AGENTS	JOUBERT, RIAAN	141623	24	1	25653	3620	0	13919	0	320	7794	0	101	0	MOUTON CITRUS (PTY) LTD	15541993	ORGS,CTT150,NV,12,*,40,*	20-JUL-26	400	0	0	80	0	320	132365	0
R S A MARKET AGENTS	JOUBERT, RIAAN	141623	24	1	25653	3620	0	13919	0	320	7794	0	101	0	MOUTON CITRUS (PTY) LTD	15541992	ORGS,CTT150,NV,12,*,56,*	20-JUL-26	80	0	0	80	0	0	132365	0
R S A MARKET AGENTS	JOUBERT, RIAAN	141623	24	1	25653	3620	0	13919	0	320	7794	0	101	0	KOMATI FRUITS ( PTY ) LTD	15546495	ORGS,CTT150,NV,2,*,105,*	22-JUL-26	80	0	0	80	0	0	161360	0
R S A MARKET AGENTS	JOUBERT, RIAAN	141623	24	1	25653	3620	0	13919	0	320	7794	0	101	38	KOMATI FRUITS ( PTY ) LTD	15529515	ORGS,CTT150,NV,2,*,56,*	12-JUL-26	320	42	0	240	0	0	161360	0
R S A MARKET AGENTS	JOUBERT, RIAAN	141623	24	1	25653	3620	0	13919	0	320	7794	0	101	0	KOMATI FRUITS ( PTY ) LTD	15540194	ORGS,CTT150,NV,2,*,56,*	17-JUL-26	240	0	0	240	0	0	161360	0
R S A MARKET AGENTS	JOUBERT, RIAAN	141623	24	1	25653	3620	0	13919	0	320	7794	0	101	398	KOMATI FRUITS ( PTY ) LTD	15533751	ORGS,CTT150,NV,2,*,56,*	14-JUL-26	480	82	0	0	0	0	161360	0
R S A MARKET AGENTS	JOUBERT, RIAAN	141623	24	1	25653	3620	0	13919	0	320	7794	0	101	0	KOMATI FRUITS ( PTY ) LTD	15546496	ORGS,CTT150,NV,2,*,64,*	22-JUL-26	80	0	0	80	0	0	161360	0
R S A MARKET AGENTS	JOUBERT, RIAAN	141623	24	1	25653	3620	0	13919	0	320	7794	0	101	0	KOMATI FRUITS ( PTY ) LTD	15546503	ORGS,CTT150,NV,2,*,72,*	22-JUL-26	320	0	0	320	0	0	161360	0
R S A MARKET AGENTS	JOUBERT, RIAAN	141623	24	1	25653	3620	0	13919	0	320	7794	0	101	0	KOMATI FRUITS ( PTY ) LTD	15546505	ORGS,CTT150,NV,2,*,88,*	22-JUL-26	160	80	0	80	0	0	161360	0
R S A MARKET AGENTS	JOUBERT, RIAAN	141623	24	1	25653	3620	0	13919	0	320	7794	0	101	403	KOMATI FRUITS ( PTY ) LTD	15510726	ORGS,CTT150,NV,2,*,88,*	01-JUL-26	660	257	0	0	0	0	161360	0
CS_SUMCOUNT	CF_NOSMAN
1	
