TENAME	NAME	WHOLESALER	ODS_AGREE	DN_DATE_TIME	DN_DATE	SHORTSEQ	GRNID	PROD	LOC	QTY	PERID	TEID	QTY_AVAIL	QTY_SUSP	ORIGIN	RECTYPE	LU_ID	LOCATION	LOC_ID	COMMODITY	CONTAINER	VARIETY	CLASS	SIZ_REF	CNT_REF	COLOR	QTY_LATE	CF_CS_FLAG	CF_SORTING	CF_COMDTY_STRING	CF_DAYS_ON_FLOOR
R S A MARKET AGENTS	RIAAN  JOUBERT			15-JUL-26	15-JUL-26		15534098	KOMATI FRUITS ( P	AC 	110	141623	24	110	0	261	1	2	45	45	ORGS	CTT150	NV	1	*	56	*		*		ORGS,CTT150,NV,CL 1,*,56,*	29
R S A MARKET AGENTS	RIAAN  JOUBERT			15-JUL-26	15-JUL-26		15534098	KOMATI FRUITS ( P	AC 	690	141623	24	690	0	261	1	2	45	45	ORGS	CTT150	NV	1	*	56	*		*		ORGS,CTT150,NV,CL 1,*,56,*	29
R S A MARKET AGENTS	RIAAN  JOUBERT			12-JUL-26	12-JUL-26		15529487	KOMATI FRUITS ( P	AC 	80	141623	24	80	0	261	1	2	45	45	ORGS	CTT150	NV	1	*	105	*		*		ORGS,CTT150,NV,CL 1,*,105,*	32
R S A MARKET AGENTS	RIAAN  JOUBERT			22-JUL-26	22-JUL-26		15546495	KOMATI FRUITS ( P	AC 	80	141623	24	80	0	261	1	2	45	45	ORGS	CTT150	NV	2	*	105	*		*		ORGS,CTT150,NV,CL 2,*,105,*	22
R S A MARKET AGENTS	RIAAN  JOUBERT			17-JUL-26	17-JUL-26		15540200	KOMATI FRUITS ( P	AC 	400	141623	24	400	0	261	1	2	45	45	ORGS	CTT150	NV	1	*	88	*		*		ORGS,CTT150,NV,CL 1,*,88,*	26
R S A MARKET AGENTS	RIAAN  JOUBERT			22-JUL-26	22-JUL-26		15546505	KOMATI FRUITS ( P	AC 	80	141623	24	80	0	261	1	2	45	45	ORGS	CTT150	NV	2	*	88	*		*		ORGS,CTT150,NV,CL 2,*,88,*	22
R S A MARKET AGENTS	RIAAN  JOUBERT			22-JUL-26	22-JUL-26		15546492	KOMATI FRUITS ( P	AC 	160	141623	24	160	0	261	1	2	45	45	ORGS	CTT150	NV	1	*	88	*		*		ORGS,CTT150,NV,CL 1,*,88,*	22
R S A MARKET AGENTS	RIAAN  JOUBERT			14-JUL-26	14-JUL-26		15533743	KOMATI FRUITS ( P	AC 	160	141623	24	160	0	261	1	2	45	45	ORGS	CTT150	NV	1	*	88	*		*		ORGS,CTT150,NV,CL 1,*,88,*	30
R S A MARKET AGENTS	RIAAN  JOUBERT			22-JUL-26	22-JUL-26		15546503	KOMATI FRUITS ( P	AC 	320	141623	24	320	0	261	1	2	45	45	ORGS	CTT150	NV	2	*	72	*		*		ORGS,CTT150,NV,CL 2,*,72,*	22
R S A MARKET AGENTS	RIAAN  JOUBERT			13-JUL-26	13-JUL-26		15531534	KOMATI FRUITS ( P	AC 	720	141623	24	720	0	261	1	2	45	45	ORGS	CTT150	NV	1	*	72	*		*		ORGS,CTT150,NV,CL 1,*,72,*	30
R S A MARKET AGENTS	RIAAN  JOUBERT			15-JUL-26	15-JUL-26		15534100	KOMATI FRUITS ( P	AC 	400	141623	24	400	0	261	1	2	45	45	ORGS	CTT150	NV	1	*	72	*		*		ORGS,CTT150,NV,CL 1,*,72,*	29
R S A MARKET AGENTS	RIAAN  JOUBERT			22-JUL-26	22-JUL-26		15546496	KOMATI FRUITS ( P	AC 	80	141623	24	80	0	261	1	2	45	45	ORGS	CTT150	NV	2	*	64	*		*		ORGS,CTT150,NV,CL 2,*,64,*	22
R S A MARKET AGENTS	RIAAN  JOUBERT			22-JUL-26	22-JUL-26		15546489	KOMATI FRUITS ( P	AC 	80	141623	24	80	0	261	1	2	45	45	ORGS	CTT150	NV	1	*	64	*		*		ORGS,CTT150,NV,CL 1,*,64,*	22
R S A MARKET AGENTS	RIAAN  JOUBERT			13-JUL-26	13-JUL-26		15531530	KOMATI FRUITS ( P	AC 	560	141623	24	560	0	261	1	2	45	45	ORGS	CTT150	NV	1	*	64	*		*		ORGS,CTT150,NV,CL 1,*,64,*	30
R S A MARKET AGENTS	RIAAN  JOUBERT			15-JUL-26	15-JUL-26		15534099	KOMATI FRUITS ( P	AC 	480	141623	24	480	0	261	1	2	45	45	ORGS	CTT150	NV	1	*	64	*		*		ORGS,CTT150,NV,CL 1,*,64,*	29
R S A MARKET AGENTS	RIAAN  JOUBERT			12-JUL-26	12-JUL-26		15529538	KOMATI FRUITS ( P	AC 	240	141623	24	240	0	261	1	2	45	45	ORGS	CTT150	NV	1	*	56	*		*		ORGS,CTT150,NV,CL 1,*,56,*	32
R S A MARKET AGENTS	RIAAN  JOUBERT			12-JUL-26	12-JUL-26		15529515	KOMATI FRUITS ( P	AC 	240	141623	24	240	0	261	1	2	45	45	ORGS	CTT150	NV	2	*	56	*		*		ORGS,CTT150,NV,CL 2,*,56,*	32
R S A MARKET AGENTS	RIAAN  JOUBERT			17-JUL-26	17-JUL-26		15540209	KOMATI FRUITS ( P	AC 	80	141623	24	80	0	261	1	2	45	45	ORGS	CTT150	NV	1	*	56	*		*		ORGS,CTT150,NV,CL 1,*,56,*	26
R S A MARKET AGENTS	RIAAN  JOUBERT			17-JUL-26	17-JUL-26		15540194	KOMATI FRUITS ( P	AC 	240	141623	24	240	0	261	1	2	45	45	ORGS	CTT150	NV	2	*	56	*		*		ORGS,CTT150,NV,CL 2,*,56,*	26
R S A MARKET AGENTS	RIAAN  JOUBERT			13-JUL-26	13-JUL-26		15531526	KOMATI FRUITS ( P	AC 	240	141623	24	240	0	261	1	2	45	45	ORGS	CTT150	NV	1	*	56	*		*		ORGS,CTT150,NV,CL 1,*,56,*	30
R S A MARKET AGENTS	RIAAN  JOUBERT			08-JUL-26	08-JUL-26	8408	15523834	ENDULINI FRUIT (P	HL 	160	141623	24	160	0		1	6	261	261	LEMS	CTT150	*	12	*	56	*		 	8408	LEMS,CTT150,*,LOWEST CLASS,*,56,*	35
R S A MARKET AGENTS	RIAAN  JOUBERT			08-JUL-26	08-JUL-26	8154	15523829	ENDULINI FRUIT (P	HL 	319	141623	24	319	0		1	6	261	261	LEMS	CTT150	*	12	*	64	*		 	8154	LEMS,CTT150,*,LOWEST CLASS,*,64,*	35
R S A MARKET AGENTS	RIAAN  JOUBERT			07-AUG-26	07-AUG-26	313	15578436	KAMBO FOREST HILL	HL 	32	141623	24	32	0		1	6	261	261	APP	EPB015	GS	1	120	8	*		*	313	APP,EPB015,GS,CL 1,120,8,*	6
R S A MARKET AGENTS	RIAAN  JOUBERT			24-JUL-26	24-JUL-26	714	15552559	KAMBO FOREST HILL	HL 	49	141623	24	49	0	431	1	6	261	261	APP	CT185	GS	1	*	110	*		 	714	APP,CT185,GS,CL 1,*,110,*	20
R S A MARKET AGENTS	RIAAN  JOUBERT			24-JUL-26	24-JUL-26	796	15552559	KAMBO FOREST HILL	HL 	9	141623	24	9	0		1	6	261	261	APP	CT185	GS	1	*	110	*		 	796	APP,CT185,GS,CL 1,*,110,*	20
R S A MARKET AGENTS	RIAAN  JOUBERT			24-JUL-26	24-JUL-26	1491	15552584	KAMBO FOREST HILL	HL 	3	141623	24	3	0	431	1	6	261	261	APP	EPB015	GD	1	120	8	*		 	1491	APP,EPB015,GD,CL 1,120,8,*	20
R S A MARKET AGENTS	RIAAN  JOUBERT			24-JUL-26	24-JUL-26	2559	15552546	KAMBO FOREST HILL	HL 	76	141623	24	76	0		1	6	261	261	APP	CT185	GS	1	*	90	*		 	2559	APP,CT185,GS,CL 1,*,90,*	20
R S A MARKET AGENTS	RIAAN  JOUBERT			31-JUL-26	31-JUL-26	5988	15566076	KOMATI FRUITS ( P	HL 	65	141623	24	65	0		1	6	261	261	GFT	CO150	JS	1	*	64	*		 	5988	GFT,CO150,JS,CL 1,*,64,*	13
R S A MARKET AGENTS	RIAAN  JOUBERT			31-JUL-26	31-JUL-26	3344	15566083	KOMATI FRUITS ( P	HL 	325	141623	24	325	0		1	6	261	261	GFT	CO150	JS	1	*	72	*		 	3344	GFT,CO150,JS,CL 1,*,72,*	13
R S A MARKET AGENTS	RIAAN  JOUBERT			31-JUL-26	31-JUL-26	5968	15566035	KOMATI FRUITS ( P	HL 	65	141623	24	65	0		1	6	261	261	GFT	CO150	JS	1	*	96	*		 	5968	GFT,CO150,JS,CL 1,*,96,*	13
R S A MARKET AGENTS	RIAAN  JOUBERT			31-JUL-26	31-JUL-26	5918	15566071	KOMATI FRUITS ( P	HL 	65	141623	24	65	0		1	6	261	261	GFT	CO150	JS	1	*	96	*		 	5918	GFT,CO150,JS,CL 1,*,96,*	13
R S A MARKET AGENTS	RIAAN  JOUBERT			31-JUL-26	31-JUL-26	5982	15566079	KOMATI FRUITS ( P	HL 	130	141623	24	130	0		1	6	261	261	GFT	CO150	JS	1	*	64	*		 	5982	GFT,CO150,JS,CL 1,*,64,*	13
R S A MARKET AGENTS	RIAAN  JOUBERT			16-MAY-26	16-MAY-26	538	15429353	KOMATI FRUITS ( P	HL 	229	141623	24	229	0		1	6	261	261	LEMS	CTT150	*	1	*	113	*		 	538	LEMS,CTT150,*,CL 1,*,113,*	89
R S A MARKET AGENTS	RIAAN  JOUBERT			01-MAY-26	01-MAY-26	4810	15400098	KOMATI FRUITS ( P	HL 	78	141623	24	78	0		1	6	261	261	LEMS	CTT150	*	1	*	56	*		 	4810	LEMS,CTT150,*,CL 1,*,56,*	104
R S A MARKET AGENTS	RIAAN  JOUBERT			28-MAY-26	28-MAY-26	3714	15453386	KOMATI FRUITS ( P	HL 	245	141623	24	245	0		1	6	261	261	LEMS	JP090	*	2	M	*	*		 	3714	LEMS,JP090,*,CL 2,M,*,*	77
R S A MARKET AGENTS	RIAAN  JOUBERT			10-MAY-26	10-MAY-26	7447	15416273	KOMATI FRUITS ( P	HL 	14	141623	24	14	0		1	6	261	261	LEMS	CTT150	*	1	*	100	*		 	7447	LEMS,CTT150,*,CL 1,*,100,*	95
R S A MARKET AGENTS	RIAAN  JOUBERT			10-MAY-26	10-MAY-26	7433	15416268	KOMATI FRUITS ( P	HL 	5	141623	24	5	0		1	6	261	261	LEMS	CTT150	*	1	*	88	*		 	7433	LEMS,CTT150,*,CL 1,*,88,*	95
R S A MARKET AGENTS	RIAAN  JOUBERT			05-AUG-26	05-AUG-26	5894	15574415	KOMATI FRUITS ( P	HL 	329	141623	24	329	0		1	6	259	259	NAAR	CO150	NAR	1	1X	*	*		 	5894	NAAR,CO150,NAR,CL 1,1X,*,*	7
R S A MARKET AGENTS	RIAAN  JOUBERT			05-AUG-26	05-AUG-26	5917	15574420	KOMATI FRUITS ( P	HL 	258	141623	24	258	0		1	6	259	259	NAAR	CO150	NAR	1	3	*	*		 	5917	NAAR,CO150,NAR,CL 1,3,*,*	7
R S A MARKET AGENTS	RIAAN  JOUBERT			05-AUG-26	05-AUG-26	5902	15574416	KOMATI FRUITS ( P	HL 	260	141623	24	260	0		1	6	259	259	NAAR	CO150	NAR	1	1	*	*		 	5902	NAAR,CO150,NAR,CL 1,1,*,*	7
R S A MARKET AGENTS	RIAAN  JOUBERT			10-AUG-26	10-AUG-26	4751	15581900	KOMATI FRUITS ( P	HL 	110	141623	24	110	0		1	6	261	261	ORGS	CO150	MN	2	*	50	*		 	4751	ORGS,CO150,MN,CL 2,*,50,*	3
R S A MARKET AGENTS	RIAAN  JOUBERT			10-AUG-26	10-AUG-26	5583	15581902	KOMATI FRUITS ( P	HL 	7	141623	24	7	0		1	6	261	261	ORGS	CO150	MN	2	*	55	*		 	5583	ORGS,CO150,MN,CL 2,*,55,*	3
R S A MARKET AGENTS	RIAAN  JOUBERT			10-AUG-26	10-AUG-26	4955	15581927	KOMATI FRUITS ( P	HL 	165	141623	24	165	0		1	6	261	261	ORGS	CO150	MN	2	*	55	*		 	4955	ORGS,CO150,MN,CL 2,*,55,*	3
R S A MARKET AGENTS	RIAAN  JOUBERT			14-JUL-26	14-JUL-26	4822	15533751	KOMATI FRUITS ( P	HL 	195	141623	24	195	0		1	6	261	261	ORGS	CTT150	NV	2	*	56	*		*	4822	ORGS,CTT150,NV,CL 2,*,56,*	30
R S A MARKET AGENTS	RIAAN  JOUBERT			22-JUL-26	22-JUL-26	441	15546486	KOMATI FRUITS ( P	HL 	79	141623	24	79	0		1	6	261	261	ORGS	CTT150	NV	1	*	56	*		 	441	ORGS,CTT150,NV,CL 1,*,56,*	22
R S A MARKET AGENTS	RIAAN  JOUBERT			06-AUG-26	06-AUG-26	8920	15576977	KOMATI FRUITS ( P	HL 	79	141623	24	79	0		1	6	261	261	ORGS	CTT150	MN	1	*	56	*		 	8920	ORGS,CTT150,MN,CL 1,*,56,*	7
R S A MARKET AGENTS	RIAAN  JOUBERT			07-AUG-26	07-AUG-26	1039	15578673	KOMATI FRUITS ( P	HL 	400	141623	24	400	0		1	6	261	261	ORGS	CTT150	MN	1	*	56	*		 	1039	ORGS,CTT150,MN,CL 1,*,56,*	5
R S A MARKET AGENTS	RIAAN  JOUBERT			07-AUG-26	07-AUG-26	7059	15578677	KOMATI FRUITS ( P	HL 	1040	141623	24	1040	0		1	6	261	261	ORGS	CTT150	MN	1	*	56	*		 	7059	ORGS,CTT150,MN,CL 1,*,56,*	5
R S A MARKET AGENTS	RIAAN  JOUBERT			10-AUG-26	10-AUG-26	3988	15581892	KOMATI FRUITS ( P	HL 	1200	141623	24	1200	0		1	6	261	261	ORGS	CTT150	MN	1	*	56	*		 	3988	ORGS,CTT150,MN,CL 1,*,56,*	3
R S A MARKET AGENTS	RIAAN  JOUBERT			10-AUG-26	10-AUG-26	2680	15581894	KOMATI FRUITS ( P	HL 	480	141623	24	480	0		1	6	261	261	ORGS	CTT150	MN	2	*	56	*		 	2680	ORGS,CTT150,MN,CL 2,*,56,*	3
R S A MARKET AGENTS	RIAAN  JOUBERT			10-AUG-26	10-AUG-26	2460	15581920	KOMATI FRUITS ( P	HL 	1040	141623	24	1040	0		1	6	261	261	ORGS	CTT150	MN	1	*	56	*		 	2460	ORGS,CTT150,MN,CL 1,*,56,*	3
R S A MARKET AGENTS	RIAAN  JOUBERT			10-AUG-26	10-AUG-26	3150	15581921	KOMATI FRUITS ( P	HL 	560	141623	24	560	0		1	6	261	261	ORGS	CTT150	MN	2	*	56	*		 	3150	ORGS,CTT150,MN,CL 2,*,56,*	3
R S A MARKET AGENTS	RIAAN  JOUBERT			17-JUL-26	17-JUL-26	5041	15540206	KOMATI FRUITS ( P	HL 	79	141623	24	79	0		1	6	261	261	ORGS	CTT150	NV	1	*	64	*		 	5041	ORGS,CTT150,NV,CL 1,*,64,*	26
R S A MARKET AGENTS	RIAAN  JOUBERT			12-JUL-26	12-JUL-26	277	15529539	KOMATI FRUITS ( P	HL 	66	141623	24	66	0		1	6	261	261	ORGS	CTT150	NV	1	*	64	*		*	277	ORGS,CTT150,NV,CL 1,*,64,*	32
R S A MARKET AGENTS	RIAAN  JOUBERT			15-JUL-26	15-JUL-26	498	15534100	KOMATI FRUITS ( P	HL 	76	141623	24	76	0		1	6	261	261	ORGS	CTT150	NV	1	*	72	*		*	498	ORGS,CTT150,NV,CL 1,*,72,*	29
R S A MARKET AGENTS	RIAAN  JOUBERT			22-JUL-26	22-JUL-26	554	15546491	KOMATI FRUITS ( P	HL 	76	141623	24	76	0		1	6	261	261	ORGS	CTT150	NV	1	*	72	*		*	554	ORGS,CTT150,NV,CL 1,*,72,*	22
R S A MARKET AGENTS	RIAAN  JOUBERT			12-JUL-26	12-JUL-26	2696	15529540	KOMATI FRUITS ( P	HL 	308	141623	24	308	0		1	6	261	261	ORGS	CTT150	NV	1	*	72	*		*	2696	ORGS,CTT150,NV,CL 1,*,72,*	32
R S A MARKET AGENTS	RIAAN  JOUBERT			01-JUL-26	01-JUL-26	7363	15510726	KOMATI FRUITS ( P	HL 	318	141623	24	318	0		1	6	261	261	ORGS	CTT150	NV	2	*	88	*		 	7363	ORGS,CTT150,NV,CL 2,*,88,*	43
R S A MARKET AGENTS	RIAAN  JOUBERT			12-JUL-26	12-JUL-26	2197	15529492	KOMATI FRUITS ( P	HL 	317	141623	24	317	0		1	6	261	261	ORGS	CTT150	NV	1	*	88	*		*	2197	ORGS,CTT150,NV,CL 1,*,88,*	32
R S A MARKET AGENTS	RIAAN  JOUBERT			14-JUL-26	14-JUL-26	4263	15533747	KOMATI FRUITS ( P	HL 	78	141623	24	78	0		1	6	261	261	ORGS	CTT150	NV	1	*	105	*		 	4263	ORGS,CTT150,NV,CL 1,*,105,*	30
R S A MARKET AGENTS	RIAAN  JOUBERT			02-AUG-26	02-AUG-26	7952	15567414	LANGPLAAS BOERDER	HL 	2	141623	24	2	0		1	6	261	261	BERS	PTB025	*	0	*	16	*		 	7952	BERS,PTB025,*,*,*,16,*	10
R S A MARKET AGENTS	RIAAN  JOUBERT			10-AUG-26	10-AUG-26	6259	15581797	MOUTON CITRUS (PT	HL 	104	141623	24	104	0		1	6	261	261	NAAR	CO100	TA	1	1XXX	*	*		 	6259	NAAR,CO100,TA,CL 1,1XXX,*,*	3
R S A MARKET AGENTS	RIAAN  JOUBERT			10-AUG-26	10-AUG-26	1309	15581784	MOUTON CITRUS (PT	HL 	576	141623	24	576	0		1	6	261	261	NAAR	CO100	TA	1	1XX	*	*		 	1309	NAAR,CO100,TA,CL 1,1XX,*,*	3
R S A MARKET AGENTS	RIAAN  JOUBERT			26-JUL-26	26-JUL-26	8052	15553984	MOUTON CITRUS (PT	HL 	48	141623	24	48	0		1	6	261	261	NAAR	CO150	TA	1	1XX	*	*		 	8052	NAAR,CO150,TA,CL 1,1XX,*,*	18
R S A MARKET AGENTS	RIAAN  JOUBERT			26-JUL-26	26-JUL-26	2844	15553967	MOUTON CITRUS (PT	HL 	34	141623	24	34	0		1	6	261	261	NAAR	CO100	NAR	1	2	*	*		 	2844	NAAR,CO100,NAR,CL 1,2,*,*	18
R S A MARKET AGENTS	RIAAN  JOUBERT			26-JUL-26	26-JUL-26	8045	15553954	MOUTON CITRUS (PT	HL 	116	141623	24	116	0		1	6	261	261	NAAR	CO100	TA	1	2	*	*		*	8045	NAAR,CO100,TA,CL 1,2,*,*	18
R S A MARKET AGENTS	RIAAN  JOUBERT			10-AUG-26	10-AUG-26	7596	15581792	MOUTON CITRUS (PT	HL 	380	141623	24	380	0		1	6	261	261	NAAR	CO100	TA	1	1X	*	*		 	7596	NAAR,CO100,TA,CL 1,1X,*,*	3
R S A MARKET AGENTS	RIAAN  JOUBERT			26-JUL-26	26-JUL-26	8041	15553953	MOUTON CITRUS (PT	HL 	284	141623	24	284	0		1	6	261	261	NAAR	CO100	TA	1	1	*	*		 	8041	NAAR,CO100,TA,CL 1,1,*,*	18
R S A MARKET AGENTS	RIAAN  JOUBERT			02-AUG-26	02-AUG-26	1514	15567376	MOUTON CITRUS (PT	HL 	55	141623	24	55	0		1	6	261	261	NAAR	CO150	M1	1	1XXX	*	*		*	1514	NAAR,CO150,M1,CL 1,1XXX,*,*	11
R S A MARKET AGENTS	RIAAN  JOUBERT			31-JUL-26	31-JUL-26	853	15564808	MOUTON CITRUS (PT	HL 	150	141623	24	150	0	430	1	6	261	261	NAAR	DL076	M1	1	*	44	*		*	853	NAAR,DL076,M1,CL 1,*,44,*	13
R S A MARKET AGENTS	RIAAN  JOUBERT			26-JUL-26	26-JUL-26	7256	15553951	MOUTON CITRUS (PT	HL 	211	141623	24	211	0		1	6	261	261	NAAR	CO100	TA	1	1X	*	*		 	7256	NAAR,CO100,TA,CL 1,1X,*,*	18
R S A MARKET AGENTS	RIAAN  JOUBERT			26-JUL-26	26-JUL-26	4727	15553949	MOUTON CITRUS (PT	HL 	57	141623	24	57	0		1	6	261	261	NAAR	CO150	TA	1	1XXX	*	*		*	4727	NAAR,CO150,TA,CL 1,1XXX,*,*	18
R S A MARKET AGENTS	RIAAN  JOUBERT			26-JUL-26	26-JUL-26	4567	15553961	MOUTON CITRUS (PT	HL 	24	141623	24	24	0		1	6	261	261	NAAR	CO100	NAR	1	1	*	*		*	4567	NAAR,CO100,NAR,CL 1,1,*,*	18
R S A MARKET AGENTS	RIAAN  JOUBERT			10-AUG-26	10-AUG-26	7227	15581444	MOUTON CITRUS (PT	HL 	130	141623	24	130	0		1	6	261	261	ORGS	CO150	NV	1	*	60	*		 	7227	ORGS,CO150,NV,CL 1,*,60,*	3
R S A MARKET AGENTS	RIAAN  JOUBERT			31-JUL-26	31-JUL-26	1588	15564816	MOUTON CITRUS (PT	HL 	68	141623	24	68	0		1	6	261	261	ORGS	CTT150	NV	1	*	72	*		 	1588	ORGS,CTT150,NV,CL 1,*,72,*	13
R S A MARKET AGENTS	RIAAN  JOUBERT			10-AUG-26	10-AUG-26	7210	15581438	MOUTON CITRUS (PT	HL 	130	141623	24	130	0		1	6	261	261	ORGS	CO150	NV	1	*	55	*		 	7210	ORGS,CO150,NV,CL 1,*,55,*	3
R S A MARKET AGENTS	RIAAN  JOUBERT			10-AUG-26	10-AUG-26	7474	15581588	MOUTON CITRUS (PT	HL 	195	141623	24	195	0		1	6	261	261	ORGS	CO150	NV	1	*	50	*		 	7474	ORGS,CO150,NV,CL 1,*,50,*	3
R S A MARKET AGENTS	RIAAN  JOUBERT			10-AUG-26	10-AUG-26	7307	15581466	MOUTON CITRUS (PT	HL 	130	141623	24	130	0		1	6	261	261	ORGS	CO150	NV	1	*	50	*		 	7307	ORGS,CO150,NV,CL 1,*,50,*	3
R S A MARKET AGENTS	RIAAN  JOUBERT			10-AUG-26	10-AUG-26	7168	15581433	MOUTON CITRUS (PT	HL 	50	141623	24	50	0		1	6	261	261	ORGS	CO150	NV	1	*	50	*		 	7168	ORGS,CO150,NV,CL 1,*,50,*	3
R S A MARKET AGENTS	RIAAN  JOUBERT			10-AUG-26	10-AUG-26	6738	15581460	MOUTON CITRUS (PT	HL 	325	141623	24	325	0		1	6	261	261	ORGS	CO150	NV	1	*	45	*		 	6738	ORGS,CO150,NV,CL 1,*,45,*	3
R S A MARKET AGENTS	RIAAN  JOUBERT			10-AUG-26	10-AUG-26	7275	15581455	MOUTON CITRUS (PT	HL 	165	141623	24	165	0		1	6	261	261	ORGS	CO150	NV	1	*	40	*		 	7275	ORGS,CO150,NV,CL 1,*,40,*	3
R S A MARKET AGENTS	RIAAN  JOUBERT			20-JUL-26	20-JUL-26	1187	15541993	MOUTON CITRUS (PT	HL 	320	141623	24	320	0	430	1	6	261	261	ORGS	CTT150	NV	12	*	40	*		*	1187	ORGS,CTT150,NV,LOWEST CLASS,*,40,*	24
R S A MARKET AGENTS	RIAAN  JOUBERT			16-JUN-26	16-JUN-26	4491	15486994	SAND SEDGE (PTY) 	HL 	39	141623	24	39	0		1	6	261	261	NAAR	CO100	NAR	1	1XXX	*	*		 	4491	NAAR,CO100,NAR,CL 1,1XXX,*,*	58
R S A MARKET AGENTS	RIAAN  JOUBERT			31-JUL-26	31-JUL-26	2376	15564808	MOUTON CITRUS (PT	MC6 	300	141623	24	300	0	430	1	1	430	430	NAAR	DL076	M1	1	*	44	*		*	2376	NAAR,DL076,M1,CL 1,*,44,*	13
R S A MARKET AGENTS	RIAAN  JOUBERT			07-AUG-26	07-AUG-26	751	15578436	KAMBO FOREST HILL	MC7 	64	141623	24	64	0	431	1	1	431	431	APP	EPB015	GS	1	120	8	*		*	751	APP,EPB015,GS,CL 1,120,8,*	6
